rank,Tweet
0.0035215397131197596, I still respect you I suppose there is so little to be gleeful about these days so take what you can Good for you
0.003519976411425451, no okay you don't not need to be going out of your way to make sure you are pleasing everyone do what makes you happy
0.003480388351945032,Hey u never know Channel 4's version of GBBO might actually be quite good A few adverts aren't the end of the world 
0.0034705262713495668,Good morningLet's start with a smile Let's enjoy life in a cheerful way Don't worry be happy
0.0034689068729375004,Never make a decision when you're angry and never make a promise when you're happy wisewords
0.0034658366565835028,every day i have to think in my mind will this be pleasing to God my decision making the way i react treat ppl speak am i pleasing God
0.0034572762862946603,wanna always be the reason behind her happiness and i'll always keep her smiling no matter what happens  _emoj_aquarius_   _emoj_heart_  
0.0034545734297824365, I just have serious respect for any man that can pull off a bun better than I can like maybe they can teach me their ways
0.0034383405480748874,Absolutely can not believe the generosity pouring out for us but Id give everything I have for Nick to be healthy and happy lost
0.0034380308504119573,I love Mary's undying optimism You could present her with dog shite and she'd find something good to say GBBO
0.003428388255176813,   I still can't get jimmy garoppolo out of my head and it's been almost weeks Thanks a lot hilarious
0.0034225397216580446,Live simply Dream big Be grateful Give love Laugh lots  Unknown quote inspiration 
0.0034177528264654694, as always it was indeed a wonderful experience flying with you guys today bestinbusiness delight happyme
0.003388771507617823, Every day we need to choose hope over fear and diversity over division  Justin missed optimism change sunniness love
0.003378978815956399,  I feel strongly that we need to work together to right this dreadful wrong
0.0033771389720077677,Never make a decision when you're angry and never make a promise when you're  wisewords
0.0033734326333114536,don't be with some just because they try to drown you in gifts be with someone who makes you truly happy without the materialistic things
0.003370474698986694,  I will next time I'll make sure everything is sparkling clean
0.0033646929800172274,He showed us a really lively performance with a lot of different emotions not just sticking to one And that's freaking awesome
0.003358513789689004,Anybody know a good place to book a show in Montreal on short but not supershort notice punkrock postpunk blues
0.0033563886689811674,TheNiceBot IndyMN I thought the holidays could not get any more cheerful and then I met you TheNiceBot  u0627 u0644 u062e u0641 u062c u064a
0.0033536666425923165,Cover it up with a smile maybe it'll get better
0.003350831188272496,Chris would take full responsibility and would want us all to rejoice in the memories we all had with him
0.0033488987432049163,Remember your journey is unique Don't get discouraged because you're comparing your journey to someone else's You will get there
0.003348131511820801,be strong independant and practical stop living in your world of fantasy snap out of it the faster u get used to the reality the better
0.0033476433767229627,Step out of your comfort zone  Go for risks Face things you fear   This is when life starts to happen  cpd
0.0033364133614507234,Just like there is a right way to pray there is a right way to give  not grudgingly or of necessity but cheerfully woficc
0.0033313070761913947,ArchangelSummit   Anyone can be brave but you just have to last mins longer than everyone else leadership 
0.0033275215519298954,The object of literature is to make man a wiser and happier being The poet makes us happy because he tells us how we may become so
0.0033206891450257435,Forgiveness might make us look weak but the weakest person is the one who holds anger hatred and revenge
0.0033182225910548964,Sometimes people leave you halfway through the wood Do not let it grieve you no one leaves for good youarenotalone nooneisalone
0.003315942209399961,You are so cool I feel slightly intimidated sometimes but YOU ARE A VERY NICE PERSON and I LIKE THE THINGS YOU DO   _emoj_heart__emoj_heart_ 
0.0033152446944117475,You dont have to feel grateful to be grateful for it is written  ' all things work together for good'  for those who love God cheerful
0.003312038230649876,just looked at wood's goal again and i dont think his first chance is that bad a miss horrible height hit hard and leveldid well to hit it
0.003311462621885703,You dont have to feel grateful to be grateful for it is written  ' all things work together for good'  for those who love God 
0.0033067500647509765,Not a great start but good comeback from the boys to earn a point Bring on Saturday blues
0.003305700237097187,Don't get discouraged when simple minds don't see your vision
0.003302201389792439,A wise man told me that holdin' a grudge is like Letting somebody just live inside of your head rent free
0.0032999005779391663,the Lord turn his face toward you and give you peace Numbers truth trust promise calm justice great mighty protected delight
0.003298946407075979,Don't let worry get you down  Remember that Moses started out as a basket case  lol  Today choose faith over  Moses
0.0032945831001219075,Great to meet   tonight What a lively and enthusiastic bunch Look forward to working with you again
0.0032938535507592358,Every single problem we ever face can be solved with a nice blend patience and optimism
0.003293250083823833,How many tweets is that now How fast was I going God I love being sober and intelligent
0.0032924697696076178,HartRamsey'sUPLIFT If you're still discouraged it means you're listening to the wrong voices looking to the wrong sourceLook to the LORD
0.0032866621361700306,  don't let him discourage you Z That's one of the best ideas yet
0.0032835082061124527, Uggh that's really horrible You're not a bad person by any stretch of the imagination I hope this person realizes that
0.0032774805712266347,  you're welcome It's genuinely made me give my head a wobble and realise what's important in life 
0.0032762898676608194, Event started everyone is getting ready to travel to the lake of rage where everything glows
0.00327540415365042, sounds like a good game plan for our offense
0.0032733328943377886,   I'm there let me know 
0.0032717362379618975,why is  so aesthetically pleasing every single day they're even pretty when they just woke up when they're tired just always
0.003267472484442236, you may be right but since year the bad events begin with B I'm privately hoping we've got at least CZ to go 1st optimism
0.0032672135323128693,  Italy another round lets not drop our play and take it to them with a big result out there guys blues
0.0032636423564715617,  You two are TEN TIMES more interesting than those particular afternoon goofballs I could say worse 
0.0032630104378437766,Try to find the good in the negative The negative can turn out to be good anxietyrelief optimism openminded
0.003259547113484013,   I'm sure he'll do just fine He can always change to beer or cheer squad
0.0032551871183882876,I'm due for a big change I've prayed on it I think I deserve it positivity 
0.003244811628493212,i met with an employment specialist this morning she basically told me its unlikely i'll get a job because i clearly have too much anxiety
0.003243281352366057,     Go Jags  _emoj_leopard_  I think we have a good shot of beating Deep Run tomorrow 
0.003235883498068751,Whatever you decide to do make sure it makes you 
0.0032333471566573305,I walked miles today the most I've walked since I got rhabdo Going back to work tomorrow here's to hoping it goes okay 
0.0032315741729200616,In honor of Shawty Lo passing away I made Dey Know my new alarm clock song so I wake up with the right attitude everyday lol
0.003225770797916571,survivor is back SurvivorMillennialsVsGenX so happy to see you  happy
0.0032253306595576093,I don't talk about politics because people nowadays get offended easily
0.0032238682764629063,The most important thing to bestrong is to hold your  thoughts
0.003221949224358014, Glad to see that you're having fun in the sun Water sports are always fun challenging and exhilarating happiness beauty
0.0032202420945427095, Just do what you can don't get discouraged maybe some prayers for divine intervention to help you would help 
0.003218913055982258,By the way I'm wearing the smile you gave me today   you me 
0.003213728405325382,The majority of my clients have family partner day job life AND write their beautiful books awe gratitude HARDwork
0.0032124600656985277, Aw no problem I just felt like speaking because I felt the same before and I want you to overcome it and not be discouraged 
0.0031990962175855175,Leon's cheerfulness is always a big help
0.0031987907410679817,   because distrust in life  Argentina has a lot of heart and this President is worth every vote
0.003195375648874012, sparkling water is nice you know I tried it the other day
0.0031903801022716816,    he sure as hell helped me with my depression and still does
0.0031892711630189838, great minds think alike 
0.003184684381290009, Start w the songs in Blue Neighborhood Wild 2Fools 3Talk Me down   _emoj_sob_   _emoj_sob_  for Wesper Also 4Too Good  serious kazinej feelz
0.003184639767835711,Learning is key while converting your leaning to someone else is door so when you do both you will open the door of success  x33 smile
0.0031834857801189874, I wouldn't fret There's too many opportunities in life to worry about one not working out
0.003180686140070039,I wish harry would start tweeting people again
0.003175216811097928,I believe women are more fiery because once a month they go through struggle and struggle is what develops a strong character
0.0031747874645174632,words today amwriting horror novel 'Magnitude' total so far 25Kish to go
0.003172103170734305, I see things in  the clouds that others can't see so I can 
0.003171308408403631,  You two are TEN TIMES more interesting than those particular afternoon goofballs I could say worse umbrage
0.0031646327369600725,I fear that if United bottle this my heart would actually collapse from laughter
0.0031588474337632183,And by the way Takeru's eyes sparkling while eating was like the cutest thing ever
0.003156847873960015,Friday is here and we are open tonight and tomorrow Get a jump on your Halloween and come play with us hauntedattraction tulsa 
0.003155606972684055,  _emoj_fire_   _emoj_information_desk_person_   _emoj_fitzpatrick_type_3  its lit having a class with you Your such a great person and good at cheer
0.0031552177142548893,A lot of positives tonight A clean sheet Payet got some free kick practice Zaza looked lively and made a lot of good runs
0.003149134733804344, awe I miss your sweet smile Come visit me and  sometime when we're not all working  _emoj_sweat_smile_   _emoj_weary_ 
0.0031446415664513347, My first time watching your vids and i died of laughter Keep this up dude
0.003141059466814953, I could of told you that one lmfao   _emoj_joy_  Then old niggas get wasted and start fucking around
0.003140238013150527,A good head and a good heart are always a formidable combination'  Nelson Mandela
0.0031386978097556516,Don't get weary in well doing Faith God prayer
0.0031382311804474135, If you don't love yourself Honesty is the best policy smile
0.0031365923193026318,Dentist just said to me' I'm going to numb your front lip up so it'll feel as if you've got lips like Pete Burns She was right 
0.0031321592444252624,BridgetJonesBaby is the best thing I've seen in ages So funny I've missed Bridget love hilarious TeamMark
0.0031289445059848806,You have to find a way to top yourself 
0.003120337029874937,When you realize there is NoHopeForHumanity so you just start focusing on what's best for you
0.003116920360246233,I have learned over the years that when one's mind is made up this diminishes fear   _emoj_en_dash_ Rosa Parks quotes motivation
0.0031155167244810303,Thank god the feds did not raise rates Assume they are nervous about a world where is the new employee  form  the safety net is zilch
0.0031059619829794834,Avoiding fears only makes them scarier Whatever your fear if you face it it should start to fade courage
0.003094866490293952,Learning is key while converting your leaning to someone else is door so when you do both you will open the door of success   x33 
0.003094580595692593,hi berniebrocialists of all genders if I lived in a swingish state I would wo hesitation vote Clinton would do so wo 'supporting' her
0.0030900932709804606,Old saying 'A smile shared is one gained for another day'  
0.0030890077121988836,happiness recipe an open mind laughter a kind heart optimism
0.003085470161172053, awe thanks Couldn't be doing it without all your help and support and that amazing encouragement  _emoj_heart__emoj_heart_   _emoj_blowing_kiss_   _emoj_raised_hands_   _emoj_fitzpatrick_type_1_2_
0.0030815504411099656,Sir my concern is not whether God is on our side my greatest concern is to be on God's side for God is always right'  Abraham Lincoln
0.0030735190266929532,We hesitate to live our dream because of some unknown fear which actually does not exist' AqeelSyed  LifeisBeautiful LiveWithPurpose
0.0030732536091443875,Set a goal to achieve something that's so big so exhilarating that excites you scares you at the same time     BobProctor
0.0030712262872766927,Worry is a down payment on a problem you may never have'  Joyce Meyer  motivation leadership worry
0.003068003270969993,Df not be afraid to take a chance on peace to teach peace to live peacePeace will be the last wordvof history Pope John Paul II
0.0030674244849418484, I found the first few episodes of Bojack incredibly funny Then it got less funny but I stayed for the drama
0.0030639071228492206,Do not grow weary in doing good The treadlines are better than deadlines'  CGI2016
0.0030638274426972047, love it so true As  taught me fear can be an illusion coaching fear courage
0.003057497752251809, thanks for replying I'm ironing my shirt  _emoj_joy_  I'd love to meet you and get an autograph but sadly I'm too young to travel
0.003054629285986742,Before the year ends I'll probably get master 12s or flu games true blues and space jams
0.003054517997421841,Accept the challenges so that you may feel the exhilaration of victory
0.0030542405416226167, You make the world a more joyful place TheNiceBot
0.003050285331227216,PiersGough on thoroughly lively and imaginative developers Sager have always challenged us to do better and do better  
0.003046212755166588, We don't expect women to be violent discourage it It's really about how we're raising our boys
0.0030442708590206423,Are there any horror sites that would be interested in my writing a guest articlereview Been really craving a literary outlet lately
0.00304283283721455, Since it's a friend of Pereg's I don't want to offend  Peace
0.0030416627183838733,What we fear doing most is usually what we most need to do' Tim Ferriss inspiring inspired motivation  success hustle
0.0030411126691129256,Don't be afraid of the space between your dreams and reality If you can dream it you can make it so
0.003039301204306532,Winners are not afraid of losing But losers are Failure is part of the process of success People who avoid failure also avoid success'
0.0030361224375754082,Isaiah those who trust in the Lord will find new strength They will soar high on wings like eagles They will run and not grow weary
0.0030359627798095296,I'm not the type to flee from adversity nor does it discourage me I'll always stand strong in the paint
0.0030344278583329513,Everywhere I go the air I breathe in tastes like home'   
0.0030289812477181277,The people that call in to POV on KX4 make my night 
0.0030279112247461825, all chuck seasons she had that one bright spot with dan where she was allowed to be smart and kind and fashionable
0.0030226753976514316, well done ladies A great award for an amazing team A delight to present the award to you
0.0030198113018471595, how about saying something like 'if you're concerned about privacy use it only in incognito mode' alarmist
0.003017435542188649,The LORD your God is in your midst a warrior bringing victory He will create calm with his love he will rejoice over you with singing
0.003017173482568264, it's ok champ you'll make it I'm cheering you on from a far
0.0030146690159041766, can you at least just walk past her and break out into laughter
0.0030141859877805873,Anyone else find  'anniversary windows update 1607' a Complete 
0.0030124225059618122, It's daunting trying to follow Swift newstrends and facing mindshattering patternsterms left and right I'm trying to adopt gently
0.0030097024812767753, The Haunting is my favorite horror movie too Actually one of my favorite movies of all time no matter the genre
0.003009520853101864, Forget the hair that salon looks so light cheery Would go there for a coffee read a book
0.003009284525125901, Wonderful post Novelists shouldn't be discouraged by rejection but they usually are because their work is so personal
0.0030090744646541624,you know it's beauty when the smile is her best curve
0.003008358554383655,Be strong courageous Do not be terrified or discouraged for the LORD your God will be with you wherever you go
0.003003149651649187, i would just get some decent referees 
0.0030007731816494468,Only person that could manage to get bright pink lipstick all over my brand new white dress   _emoj_weary_   _emoj_joy_ 
0.002997435368354915, loved sing tiff but q there is japanese line but obviously spoken by non japanese no way to find japanese for line
0.002995257325757397, If you don't love yourself Honesty is the best policy 
0.0029941875620220614, You're most welcome Please check with us anytime you have a question or concern
0.00299008216716868,Latest on new optimism on keeping Raiders in Oakland live right now on   meets here wLott Schaaf to talk new stadium
0.002987517986659423, SPARKLES proud little huff Still posing mind you
0.0029851432207430454,I wish the next madden has a story mode too Just like Fifa 
0.002983421477089624,It really is amazing the money they give to some of these QB's nfl texans brock 
0.0029834137299934674,Holding a grudge on someone will stop your blessings from God learn to forgive forget   _emoj_pray_   _emoj_fitzpatrick_type_5_
0.0029782449216464537,Always do sober what you said you'd do drunk That will teach you to keep your mouth shut    Ernest Hemingway quote
0.002977143613016247, Gerard finally made it up the stairs with a little huff his face a little more red than it was before Having little legs 
0.0029755406229941034, I have gained a tremendous amount of respect for  over the past couple of years
0.0029749537581075913,She's foaming at the lips the one between her hips  one of many great lyrics
0.002965016917944317, yeah  playing well 
0.002963277424044632,Root canal therapy has had a bad reputation in the past but new technology has allowed more comfortable procedures smile dental
0.002962541918922625,Big thanks to Brad Pitt who's trashy ways brought a modicum of levity to an otherwise lame week of political   _emoj_zzz_  
0.0029622467605984956,Your attitude toward your struggles is equally as important as your actions to work through them optimism
0.002961752588742819,Your attitude toward your struggles is equally as important as your actions to work through them 
0.0029571781664314563, We are sadden by this because we always strive to bring the best service to our customer We will always be here for you CM
0.002956722219325201, That's what we strive for Jamie Please don't hesitate to reach out if you have any questions along the way   _emoj_slightly_smiling_face_
0.0029566093742713216,Greatest sign of trust is me giving you my laptop or phone without hesitation
0.002955378073490458,If you find me lost will you stay as a passerby or will you get lost with me musings melancholy
0.002955255182599258, Thank you happy birthday to you as well
0.0029518017704646266,Love this Laughing while crying works too katherinemansfield failure  dealingwithfailure
0.0029505058001597136, any team in the world would be totally elated to get to have you on it XD
0.002949863856778105,I'm throwing myself straight into American Horror Story so I don't have time to grieve
0.002948944061131862, It's 'EyeforEye' Indian Army never forgives Never Forgets They always take revenge Pakistan breaks laws IA follows
0.0029469867433083736, i watch all your videos but i like madden better
0.002946033849287004,  wrath of khan is one of the best movies of all time
0.002943875970692755,Think like a queen A queen is not afraid to fail Failure is another steppingstone to greatness Oprah Winfrey
0.002943664579309857, April 25th for me Keep up the good work sober prouder
0.002933686024272977,I'm watching joyful noise for time cuz I love this movie and 
0.0029207725797135283,This is a beautiful day that the Lord has made I will rejoice and be glad
0.0029156754609855804,Accept the challenges so that you can feel the exhilaration of victory George S Patton quote motivation entrepreneur
0.0029154365072907645,  HRC has the experience temperment knowledge ability to lead us in this perilous time
0.002915220792935743,Refuse to let myself get discouraged
0.0029123317711859382,Love is when all your happiness and all your sadness and all your feelings are dependent on another person
0.0029121014007419135,The American Idiot record turns twelve today it changed my preppy middle school heart into a desolate punk rock desert I am forever grateful
0.0029082490036052813, I trust you know that I appreciate your willingness to explain the details and my attempt at levity is just that 
0.0029015707272867976, looks exhilarating Looking forward to seeing   _emoj_thumbsup_   _emoj_fitzpatrick_type_3
0.0029010445602151293,In addition to fiction wish me luck on my research paper this semester pages oh boy 
0.0028992754305796286,I want to be a woman who overcomes obstacles by tackling them in faith instead of tiptoeing around them in fear Renee Swope
0.00289660951278594, Thank you for follow and its a good website you have and cheering with no hassle
0.0028920061941297105, Less sugar more fruit  Less soda more water  Less worry more sleep  LESS WORDS MORE ACTION 
0.002890944948001902,Need advice on how to get out of this rut  needmotivation
0.0028869367691733766, If you need any assistance with your concern so it can be resolved feel free to email us with your info AP
0.002886400766234611,  agreed   _emoj_heart_eyes_  an awe to meet such beautiful powerful animals
0.0028860043713820065, but still your my favorite person in DF besides grim
0.0028824442925809825,Accept the challenges so that you can feel the exhilaration of victory FocusX10 motivation motivationalquotes quoteoftheday
0.0028814178845703426,HUGE CONGRATULATIONS TO NICOLE WINNING BIG BROTHER  BB18 sorry not sorry  bbmichelle
0.002870640927799662,Have any of you ever stayed in hostels overseas My only frame of reference is the movie Hostel and we all know how that went
0.0028704169449299414,Zephaniah He surely is rejoicing over us with singingsuch romance and so needed today
0.0028703935779863564,the rappers who stayed true to the game is rich
0.002867153932294397,this girl at my new school is so pretty i am 
0.0028660185603328436,We have been a better second half team this season So there's that optimism
0.0028641032135510234,Accept the challenges so that you can feel the exhilaration of victory George S Patton quote yeg
0.0028638034403628424,rose incense are the best thing I've ever bought
0.002863164772878831,  and peter your radio piece on off the ball was pure class  no digs  no revenge  a total balanced pro    _emoj_clap_   _emoj_clap_   _emoj_clap_ 
0.002852990023724551, My courage always rises at every attempt to intimidate me  Elizabeth Bennett Pride and Prejudice Quotes Courage FaceYourFears
0.0028498541560998372,   listen I dn't subscribe to this team coq Team xhaka stuff I like all our players Depth has me elated
0.0028497907998636055,  smiling doesnt necessary means your happysometimes it just means you're strong
0.002849109384303933,Your lion's heart Will protect you under stormy skies And I will always be listening for your laughter and your tears
0.0028475367832080985,Just want to be a dad so i can play kick the baby with my little one southpark mellogang  edm plur dad djlife dj producer
0.0028470911420256195,Very long day Thank goodness for Bake Off to brighten up a weary Wednesday   _emoj_white_smiling_face_  GBBO
0.002846683631019681,Chart music is pretty much ALL the same 
0.0028458589641021503,Radio shake mutli directional mike it might sound cheap but the sound wasn't that bad and you could do some mixing
0.002841234681727665,Last night the Rev Dr Earl Johnson spoke to Wake Progressive Democrats on transforming moral outrage into effective political action
0.002838172901440316,Accept the challenges so that you can feel the exhilaration of victory
0.002838172901440316,Accept the challenges so that you can feel the exhilaration of victory
0.0028351314032568596,Misery loves company The church ought to be a place where it finds none Pastor Kris Theobald joy rejoice
0.0028316046278362124, Strongwomen terrify weakmen  don't let the bully wear you down Loving your consistency and truth in rough times Hang in there   _emoj_heart_  
0.0028253918314592474,O you who have believed fear Allah and believe in His Messenger He will then give you a double portion of His mercy' Quran
0.002823941597856538,Rec'd call 2day from Haitian church we started in Florida some 15yrs ago Preparing to acquire their own bldg Wanted me to know rejoicing
0.0028204400574063405,When anger rises think of the consequences quote wisdom 
0.0028177450012184177,Aw there's a young fox outside on the grass just jumping around all playful and having a little stretch   _emoj_see_no_evil_  soo cute   _emoj_wolf_ 
0.002814276171763133,Start the convodon't shy awaymental illness abounds in society including our workplacebe informed tsdoffsite
0.0028132257498731,Be quick to listen slow to speak and slow to anger
0.00281155023258932,When we are weak in despair our Mighty God is nearHe will give us strength joy hope calm our inner fear just have faith trust
0.002806674764845708,I've said it before and I'll say it again It's God All God Only God  archippusawakening entirelybyhisgrace
0.002797372166934683,I'm Black I read books pu my kids from school'My prayer is that u wl lv a long fulfilling joyous peaceful GODpleasing life
0.002791286598664125,So is texting a guy 'I'm ready for sex now' considered flirting' 
0.002787749480988983,I'm strong 'cause I'm weak I'm beautiful 'cause I know my flaws I'm fearless 'cause I've been afraid I can laugh 'cause I've known sadness
0.002783297795846198,  that's so pretty I love the sky in the background and the purple highlights with the dull colors is great
0.002771987343642081,brigetjonesbabys brigetjonesbaby was the best film hilarious  so good  so funny   _emoj_raised_hands_ 
0.0027402685241982427,We worship at Your feet Where wrath and mercy meet And a guilty world is washed By love's pure stream  Graham Kendrick
0.0027400597353432255, THANK YOU SO MUCH FOR COMING TO DETROIT I'm going to sob joyful rainbows now brb
0.0027333194993772202,ukedchat A4 Just go outside or to the gym hall and play   education  learning
0.0027323226420580987,Mm okay Ham for you and turkey for me' Gives his hair a ruffle before heading back in the kitchen to set out the gtgt 
0.002723619511956541,    Doubt U have anything to be afraid of as Trump has been vilifying minorities women
0.0027222242841680004,Action is the foundational key to all success Pablo Picasso inspiring quote action hustle start dosomething success
0.0027187352267323437,One more day tiff One more day
0.002718096737147474, You've got tremendous range
0.002710212967954708,Accept the challenges so that you can feel the exhilaration of victory'  George S Patton
0.0027062800278820744, lol Love it when you aggravate Juan Keep up the good work Lol
0.002704735778625991,This is a terrific universitya unique universityAthabasca University has become a part of my head a part of my heart' Peter MacKinnon
0.0027036024468402257,My husband found out there are other rabid hockey fans like me as we waited in line of the window stickers were for SJ NHLAHL hockey
0.002701908450748617,This week's Massacre Theatre pert by  is the first one I can think of that requires subtitles 
0.0026961579012959825, LordDerply for it It's like yugioh for animated shows
0.0026919809802146803, LOL Why would it scare me It doesn't make any sense at all but it doesn't scare me chuckles
0.0026848949733395406,The man who is a pessimist before knows too much if he is an optimist after it he knows too little' Mark Twain
0.0026627497048695163,If I were assured of your eventual destruction I would in the interests of the public cheerfully accept my own' Sherlock Holmes
0.002661898891098224, oh so true so true 
0.002660773900707723,BibleMotivate Are you worryingworried 1Peter Throw all your worry on him because he cares for you faith leadership  mindfu 
0.002656681222733496,Michael Carrick should start every game for United and England
0.0026482403443934192, Yes Lia Join the dark side
0.0026465607121181423,Listening to  at work is my slice of sunshine in this dreary cube world 9to5life
0.002643764577360402, something about English sparkling wine would be good Or farmhouse cider Or Italian cocktails Thanks
0.0026328322628334333, Russian mistrust of the US is well justified the precaution they've taken are very prudent
0.0026305224687598896,Paul forever Paul should have won Paul played such a better game BB18 
0.002621521877545522,  she's famous now begged a living of some mugs fame Work shy freeloader Deserves it all
0.002620549847367402,Let's not panic Beat NYG who's atop the division come home against Cleveland Just like that you're with a division win
0.0026196806894335685,World wants peace from terrorism WorldPeaceDay internationaldayofpeace
0.002617153711888726,  she is terrific at her job where is she headed I missed that
0.0026130739987134453,The chiropractor makes me so happy
0.002599051130100057,Trust me to lose my wallet and have to call Lifeguard Swimmers social early as VC  
0.0025960070350296766,BibleMotivate Are you worryingworried 1Peter Throw all your worry on him because he cares for youfaith leadership worry mindfu 
0.002591276088466167, are you cheering for team Sweden today or team North American
0.002581217531093056,What we think we become Buddha recovery addiction sober sobriety
0.0025744736631967335,   then I look at you and we burst out laughing
0.0025695861547845008, 'the darkest of nights can be bright the solemn of faces lights up with a smile'  believe in me as I do in you
0.002562068082066917,Inner conflict happens when we are at odds with ourselves Honor your values and priorities  innerconflict conflict values
0.0025540299667720623,Set up as an ideal the facing of reality as honestly and as cheerfully as possible   Karl Menninger     2ndHalfWealth
0.002550090582489217,  grim should find broken Matt hardy because he can delete everything lol
0.002543974539916103,SRV's 'Voodoo Child' is approximately times better than Jimi's guitar music blues
0.002538199993871755,Luis Ortiz ducked by Ustinov which means fights off and he left  future not looking to bright for Ortiz boxing
0.00253415052031871,repentance and trusting in Christ It is lowly and painful but it is also joyous peaceful and absolutely glorious
0.0025335738218319457,Optimism leads to success  Bill Kerr  success  goals
0.002531002510238625,Tonight my top delight was a Skein of Geese flying about foot above me as I swam in Windermere Breeze dropped it became like glass
0.002521414587505591,start ur day wit a smile buviobby
0.002518723737171791,Watch this amazing lively broadcast by   musically
0.0025187237371717907,Watch this amazing lively broadcast by   musically
0.0025187237371717902,Watch this amazing lively broadcast by   musically
0.0025187237371717902,Watch this amazing lively broadcast by   musically
0.0025187237371717902,Watch this amazing lively broadcast by   musically
0.0025169582583698005,aaahhhh a little  to soothe the soul music 
0.0025147747048601446,When  says she's releasing more IdinaParty tickets and you set an alarm to not miss it fingerscrossed Idina
0.0025083519345492963,Lauren Jauregui makes all my problem dissapear it amazes my sadness She keeps me strong
0.002490923544307893,Optimism leads to success  Bill Kerr  success optimism goals
0.0024883103924312395,  Hey Michael Thanks for following up yeah I think you'd be a terrific contrib Looping in assoc ed Juliana
0.0024808195726984503,On the other side of fear lies freedom  JB Glossinger quote
0.0024674148965357474,In the name of our Lord Saviour Harambe we pray bless all apes across the world  Hear our solemn oaths and pardon sympathetic hominids
0.0024666371605850533,i've been rooting for him since the beginning  BB18
0.002463390187120273,Ha   Got your book after our 'meeting' at the Starbucks in NOLA If Josh says it's terrific I'm all in
0.0024504720628608667,Our soldiers in war zones are held to a higher level of rules of engagement than our police officers 
0.0024452615080386747, hahaha dear d not worry discuss
0.0024444176624867386,Fear blocks blessings faith unlocks them ManUp fear faith
0.0024397765158612303, no Tyson fury beat the man who been at top for years Danny Garcia should be above Bradley pacquaio frampton
0.002436990092487192,  _emoj_joy_   youre one of those whod bully me omg but it was all banter and we could laugh at it later haha Youre a nice guy x
0.002435132575880579,When we give cheerfully and accept gratefully everyone is blessed xbbMaya Angelou   RIP MayaAngelou
0.002435076493135128, thank you for your support but it was not an attempt at levity
0.002432242036924059, 'Elizabeth Smith' She said with a cheery smile 'Pleasure to meet you sir Where have you travelled from'
0.002430410749037726, hubby Noah shares this somber thoughtful photo of his one and only Dami Ponytail standout highlights beautiful picture nice
0.0024206661211910877, May I suggest that you have a meal that is made with beans onions garlic the day before class 
0.0024179570384378207,This is not me brown nosing but I've listened to lots of housing ministers but  nhf16 impressed me more than any optimism
0.0023877341161999853, lmao I can only imagine the frown across that face of yours Hilarity
0.0023751542370940336,Gemma Simmons is the bright spot of the premiere so far AgentsofSHIELD
0.0023671191332395266, i like cold gloomy weather
0.0023545398912561783,    I'll be okay don't worry
0.00234940876769473,ZETH voice Hit The Target   holds up upside down cheering towel
0.0023492247600798238,Be joyful in hope patient in affliction faithful in prayer Romans
0.0023473340571463102,thank you for finding this   coy
0.002345160712894515,The new  song is mega   _emoj_boom_  reminds me of  blues
0.0023425205585050858,I need a   _emoj_bento_  sushi date  _emoj_rice_ball_     _emoj_spaghetti_  an olive guarded date  _emoj_cheese_wedge_  and a   _emoj_facepunch_   _emoj_fitzpatrick_type_3 Rockys date  _emoj_pizza_  
0.0023338776856842024,Refuge Recovery Boston  Weds pm healing support addiction recovery buddhism meditation sober cambma meeting harvardsq
0.0023184240596712626,This is not me brown nosing but I've listened to lots of housing ministers but  nhf16 impressed me more than any 
0.002314810963751434,Ellie just gave me loads of gifts with notes on em for uni n I burst out in tears I LOVE HER  _emoj_weary_ 
0.0023005158474565693,Happy Birthday to my favorite author   writer author
0.0022843809666340882, agree  Those latest polls 
0.0022819173638496644,Fear blocks blessings faith unlocks them ManUp  faith
0.002272411562673935,American Schools are lively
0.002244013986600558, I'm so serious DM me I'll tell u more
0.0022380983086158096,Don't burn out keep yourselves fueled and aflame Be alert servants of the Master cheerfully expectant' Romans
0.0022022640183576095, you could add a jaunty bow Or bells
0.002200254433027781,Which JohnCarpenter horror action flick is your favorite 
0.0021773668430132165,Follow this amazing Australian author  fiction  zombies angels demons vampires werewolves follow authorlove
0.002168872540021566,It has been medically proven that laughter is an effective pain killer
0.0021685793055515553,  she's still younger and more spry than trump
0.002166242913933716,My producer is mixing and mastering the songs now for murky notebook mixtape The tape will be out soon for free download   _emoj_fire_   _emoj_notes_   _emoj_dash_   _emoj_100_ 
0.002163338204838077,I am their fury I am their patience I am a conversation   _emoj_heart_   _emoj_heart_    _emoj_sparkles_ 
0.0021551885091622594, Fear is bestbeast product of Gods  aTheism theism biBle afraid christianity hell heaven purgatory psychology jesus
0.0021496320371446865,So is cheerfulness or a good temper the more it is spent the more remains Ralph Waldo Emerson
0.002149192151240383, Aww rest your weary head here
0.002108506945807958,My blood is so bitter for satan to test becouse cleanse by the blood of Jesus christamen
0.0020636074323930878,When health insurance won't cover TMS but they let me know they cover ECT mentalhealth psychology  TMS ECT
0.0020459064570234695,smiling through the stress             
0.0020438758353900723,Drawing minicomics is joyful folding minicomics is meditative and relaxing I think I need to do them for more than just Halloween
0.002038001117309797,  awe miss y'all too
0.0020181573171251213, is the live event Brock vs Orton this Saturday on the WWE Network If not it needs to be  wwe   revenge
0.0020157540513437095,   not to worry he'll flip Wisconsin
0.001980707193328397,Wrinkles should merely hide where frown have been   Mark Twain
0.0019098176107482745, hannah stop being mournful and chill   _emoj_information_desk_person_ 
0.0018692199258828796,Jk I'm not a loner just really shy   _emoj_sweat_smile_ 
0.0018561464380513742,jelly baby is my favourite insult
0.001823228776472992,What a lively lovely shower   _emoj_innocent_  
0.001803971797174539,Yahweh your God is among you a warrior who saves He will rejoice over you with gladness
0.0018029396069248653,A persons opinion doesn't offend me at all
0.0017748816781068771,  revolting cocks if you think I'm sexy
0.0017475135186159733,A joyous first webiversaryweb mitzvah to Smithsonian's      
0.0017430818723918671,What worries you masters you   Haddon Robinson  Jesusisthesubject   anxious
0.001724812584582106,The Lord thy God in the midst of thee is mighty he will save he will rejoice over thee with joy  Zephaniah KJV
0.0017175287394374326,jstor's lingua obscura articles are always such a delight
0.0016761751184465044,tfw you're enroute to your future    i'm coming for ya openhouse futurecantor exhilarating NYCletsgo
0.0016581156022786475,Whatt a trailerrrr    RanbirKapoor AishwaryaRaiBachchan i am COMPLETELY BLOWN  awestruck longingformore
0.0016063142870191827,Marcos Rojo Marcos Rojo running down the wing Loved by the blues feared by the reds
0.0015864200560400095,You are NOT your struggle or You are NOT your affliction YouAreStrong YouAreArising above it all
0.0015039496020214597,backed pats just before pleasing
0.0014667905644570325,Blake lively is flawless
0.0014660246951588047,  shut up hashtags are cool 
0.001451930443488074,I found marmite in Australia  
0.0013958505437257538, dhoni bcoz of is calmness nd match winning  finishers nd a proud miltirian dadhusband nd wonderful humanbeing nd his 
0.0011611036052600093,Thoroughly enjoying AHS tonight ahs  americanhorrorstory
0.0011134018203419968,Riggs dumb ass hell lolol hilarious LethalWeapon
0.0009525899495477891,     Very pleasing ty
0.0008058292940453113,Kayaking is merriment together with sevylor inflatable kayaks eYGgJxMl
